{
  "project_info": {
    "project_number": "600489019090",
    "firebase_url": "https://plcfirebaseproject-e067b.firebaseio.com",
    "project_id": "plcfirebaseproject-e067b",
    "storage_bucket": "plcfirebaseproject-e067b.appspot.com"
  },
  "client": [
    {
      "client_info": {
        "mobilesdk_app_id": "1:600489019090:android:2743b74b22ccbffc",
        "android_client_info": {
          "package_name": "com.wordpress.ideatodaybt.plc"
        }
      },
      "oauth_client": [
        {
          "client_id": "600489019090-p9sl208vfp1p9qgc154qhtjn1mljh75e.apps.googleusercontent.com",
          "client_type": 1,
          "android_info": {
            "package_name": "com.wordpress.ideatodaybt.plc",
            "certificate_hash": "3aed027462ca22c1935f5bee58eb9ee2e092c2e4"
          }
        },
        {
          "client_id": "600489019090-3pgp7nijqkd3i7vtqb10vnm4vfi61tv7.apps.googleusercontent.com",
          "client_type": 3
        }
      ],
      "api_key": [
        {
          "current_key": "AIzaSyAmpQl_mStw9rQjjquUjhioWWpmew6Fqvo"
        }
      ],
      "services": {
        "analytics_service": {
          "status": 1
        },
        "appinvite_service": {
          "status": 2,
          "other_platform_oauth_client": [
            {
              "client_id": "600489019090-3pgp7nijqkd3i7vtqb10vnm4vfi61tv7.apps.googleusercontent.com",
              "client_type": 3
            }
          ]
        },
        "ads_service": {
          "status": 2
        }
      }
    }
  ],
  "configuration_version": "1"
}